,mV
0,
1,1887
2,1903
3,1923
4,1947
5,1965
6,1968
7,1966
8,1957
9,1938
10,1920
11,1904
12,1885
13,1867
14,1856
15,1858
16,1863
17,1875
18,1883
19,1894
20,1917
21,1936
22,1959
23,1971
24,1983
25,1986
26,1990
27,1984
28,1971
29,1951
30,1921
31,1901
32,1883
33,1870
34,1859
35,1858
36,1872
37,1892
38,1920
39,1933
40,1941
41,1938
42,1942
43,1936
44,1936
45,1920
46,1905
47,1895
48,1893
49,1895
50,1904
51,1920
52,1935
53,1950
54,1966
55,1974
56,1984
57,1984
58,1993
59,1991
60,1984
61,1975
62,1952
63,1931
64,1915
65,1909
66,1904
67,1911
68,1915
69,1918
70,1933
71,1952
72,1969
73,1985
74,1992
75,1989
76,1989
77,1979
78,1968
79,1954
80,1942
81,1938
82,1940
83,1948
84,1953
85,1964
86,1974
87,1994
88,2015
89,2029
90,2033
91,2033
92,2032
93,2019
94,2003
95,1984
96,1975
97,1971
98,1973
99,1982
100,1991
101,2005
102,2021
103,2039
104,2064
105,2085
106,2083
107,2084
108,2086
109,2081
110,2075
111,2063
112,2035
113,2019
114,2010
115,2017
116,2027
117,2038
118,2047
119,2063
120,2074
121,2092
122,2100
123,2105
124,2099
125,2102
126,2096
127,2079
128,2063
129,2037
130,2031
131,2027
132,2032
133,2039
134,2055
135,2078
136,2097
137,2125
138,2149
139,2160
140,2164
141,2160
142,2158
143,2147
144,2134
145,2118
146,2103
147,2095
148,2094
149,2095
150,2096
151,2107
152,2117
153,2127
154,2139
155,2159
156,2175
157,2183
158,2190
159,2187
160,2178
161,2166
162,2144
163,2123
164,2109
165,2096
166,2090
167,2094
168,2096
169,2106
170,2126
171,2143
172,2151
173,2151
174,2149
175,2145
176,2133
177,2128
178,2123
179,2111
180,2105
181,2107
182,2115
183,2127
184,2142
185,2147
186,2159
187,2176
188,2193
189,2195
190,2190
191,2185
192,2167
193,2155
194,2141
195,2128
196,2107
197,2093
198,2086
199,2074
200,2084
201,2085
202,2097
203,2114
204,2135
205,2157
206,2163
207,2160
208,2154
209,2131
210,2112
211,2081
212,2053
213,2019
214,2000
215,1985
216,1978
217,1979
218,1979
219,1985
220,1999
221,2009
222,2017
223,2011
224,2001
225,1991
226,1984
227,1974
228,1958
229,1937
230,1919
231,1910
232,1899
233,1892
234,1887
235,1883
236,1883
237,1893
238,1902
239,1904
240,1901
241,1893
242,1888
243,1873
244,1858
245,1831
246,1808
247,1791
248,1783
249,1790
250,1801
251,1809
252,1819
253,1839
254,1855
255,1863
256,1860
257,1854
258,1837
259,1814
260,1793
261,1774
262,1744
263,1737
264,1734
265,1735
266,1744
267,1750
268,1761
269,1773
270,1777
271,1794
272,1795
273,1799
274,1795
275,1781
276,1776
277,1762
278,1749
279,1744
280,1747
281,1757
282,1772
283,1788
284,1808
285,1826
286,1838
287,1856
288,1861
289,1859
290,1856
291,1845
292,1838
293,1820
294,1809
295,1799
296,1790
297,1785
298,1782
299,1790
300,1797
301,1805
302,1817
303,1835
304,1843
305,1853
306,1853
307,1853
308,1845
309,1835
310,1831
311,1821
312,1811
313,1810
314,1812
315,1819
316,1835
317,1843
318,1862
319,1871
320,1885
321,1899
322,1902
323,1895
324,1888
325,1887
326,1879
327,1872
328,1862
329,1842
330,1832
331,1831
332,1831
333,1836
334,1841
335,1857
336,1868
337,1883
338,1902
339,1905
340,1905
341,1904
342,1901
343,1903
344,1895
345,1887
346,1874
347,1871
348,1866
349,1867
350,1863
351,1871
352,1872
353,1888
354,1904
355,1915
356,1918
357,1916
358,1913
359,1904
360,1885
361,1871
362,1847
363,1830
364,1819
365,1819
366,1821
367,1828
368,1839
369,1853
370,1874
371,1902
372,1917
373,1923
374,1932
375,1927
376,1919
377,1906
378,1888
379,1869
380,1842
381,1839
382,1835
383,1839
384,1843
385,1851
386,1851
387,1863
388,1872
389,1883
390,1898
391,1907
392,1918
393,1920
394,1911
395,1901
396,1885
397,1872
398,1861
399,1851
400,1845
401,1843
402,1840
403,1855
404,1869
405,1877
406,1874
407,1874
408,1872
409,1856
410,1844
411,1833
412,1811
413,1801
414,1794
415,1794
416,1802
417,1812
418,1829
419,1841
420,1866
421,1887
422,1904
423,1911
424,1907
425,1902
426,1888
427,1872
428,1851
429,1827
430,1815
431,1803
432,1804
433,1805
434,1814
435,1821
436,1838
437,1858
438,1872
439,1878
440,1878
441,1871
442,1867
443,1853
444,1837
445,1823
446,1801
447,1783
448,1779
449,1776
450,1777
451,1785
452,1805
453,1827
454,1851
455,1862
456,1863
457,1862
458,1851
459,1840
460,1821
461,1806
462,1777
463,1757
464,1751
465,1757
466,1763
467,1776
468,1795
469,1808
470,1827
471,1840
472,1845
473,1849
474,1845
475,1842
476,1839
477,1831
478,1818
479,1810
480,1806
481,1808
482,1811
483,1817
484,1820
485,1822
486,1822
487,1839
488,1849
489,1857
490,1856
491,1856
492,1853
493,1851
494,1840
495,1823
496,1810
497,1802
498,1803
499,1807
500,1808
501,1813
502,1823
503,1839
504,1849
505,1857
506,1868
507,1869
508,1869
509,1872
510,1871
511,1857
512,1847
513,1834
514,1811
515,1803
516,1801
517,1806
518,1808
519,1816
520,1833
521,1847
522,1860
523,1866
524,1867
525,1857
526,1845
527,1833
528,1812
529,1804
530,1798
531,1791
532,1795
533,1794
534,1800
535,1811
536,1831
537,1855
538,1877
539,1888
540,1893
541,1887
542,1877
543,1872
544,1857
545,1840
546,1819
547,1809
548,1808
549,1813
550,1838
551,1862
552,1899
553,1935
554,1979
555,2009
556,2022
557,2027
558,2032
559,2023
560,2009
561,1997
562,1982
563,1963
564,1953
565,1941
566,1943
567,1938
568,1941
569,1941
570,1951
571,1959
572,1968
573,1975
574,1983
575,1995
576,2000
577,2006
578,1998
579,1985
580,1978
581,1973
582,1968
583,1968
584,1962
585,1808
586,1796
587,1792
588,1789
589,1791
590,1787
591,1796
592,1811
593,1825
594,1838
595,1841
596,1841
597,1834
598,1823
599,1817
600,1802
601,1781
602,1773
603,1767
604,1772
605,1779
606,1786
607,1792
608,1808
609,1825
610,1840
611,1850
612,1853
613,1847
614,1842
615,1840
616,1821
617,1806
618,1787
619,1779
620,1777
621,1783
622,1799
623,1808
624,1824
625,1849
626,1872
627,1887
628,1891
629,1882
630,1865
631,1843
632,1821
633,1799
634,1782
635,1772
636,1765
637,1770
638,1783
639,1794
640,1809
641,1830
642,1850
643,1865
644,1871
645,1875
646,1872
647,1871
648,1862
649,1850
650,1838
651,1817
652,1803
653,1793
654,1799
655,1808
656,1821
657,1840
658,1857
659,1885
660,1904
661,1917
662,1919
663,1915
664,1904
665,1890
666,1871
667,1845
668,1823
669,1814
670,1822
671,1840
672,1855
673,1881
674,1902
675,1919
676,1933
677,1933
678,1927
679,1915
680,1906
681,1890
682,1879
683,1863
684,1851
685,1844
686,1845
687,1843
688,1845
689,1855
690,1861
691,3452
692,3562
693,3685
694,3811
695,3927
696,4029
697,4049
698,4040
699,3955
700,3811
701,3618
702,3399
703,3163
704,2915
705,2666
706,2414
707,2176
708,1954
709,1747
710,1567
711,1408
712,1281
713,1182
714,1109
715,1070
716,1043
717,1039
718,1056
719,1093
720,1136
721,1198
722,1264
723,1346
724,1424
725,1499
726,1574
727,1642
728,1698
729,1746
730,1779
731,1804
732,1810
733,1815
734,1821
735,1818
736,1808
737,1797
738,1802
739,1809
740,1820
741,1837
742,1855
743,1873
744,1904
745,1923
746,1936
747,1941
748,1941
749,1936
750,1932
751,1923
752,1910
753,1894
754,1874
755,1858
756,1853
757,1852
758,1856
759,1870
760,1893
761,1927
762,1948
763,1967
764,1978
765,1969
766,1959
767,1936
768,1912
769,1877
770,1847
771,1830
772,1825
773,1826
774,1841
775,1855
776,1875
777,1902
778,1922
779,1939
780,1950
781,1957
782,1953
783,1947
784,1939
785,1927
786,1914
787,1895
788,1890
789,1891
790,1899
791,1909
792,1930
793,1946
794,1968
795,1995
796,2009
797,2016
798,2015
799,2004
800,1997
801,1991
802,1969
803,1943
804,1925
805,1910
806,1905
807,1906
808,1918
809,1931
810,1951
811,1968
812,1983
813,1987
814,1984
815,1979
816,1968
817,1951
818,1937
819,1920
820,1901
821,1884
822,1887
823,1889
824,1901
825,1915
826,1933
827,1955
828,1983
829,2015
830,2032
831,2041
832,2039
833,2032
834,2022
835,2002
836,1984
837,1968
838,1961
839,1958
840,1967
841,1971
842,1977
843,1990
844,2005
845,2021
846,2038
847,2054
848,2055
849,2057
850,2060
851,2058
852,2057
853,2046
854,2035
855,2032
856,2038
857,2038
858,2043
859,2045
860,2063
861,2075
862,2089
863,2091
864,2098
865,2107
866,2105
867,2099
868,2089
869,2065
870,2040
871,2029
872,2017
873,2018
874,2025
875,2027
876,2031
877,2041
878,2064
879,2071
880,2085
881,2089
882,2094
883,2091
884,2090
885,2081
886,2065
887,2061
888,2054
889,2062
890,2065
891,2071
892,2081
893,2092
894,2107
895,2128
896,2155
897,2173
898,2187
899,2178
900,2166
901,2144
902,2126
903,2097
904,2077
905,2066
906,2064
907,2064
908,2077
909,2087
910,2097
911,2117
912,2137
913,2149
914,2147
915,2144
916,2134
917,2128
918,2112
919,2095
920,2066
921,2054
922,2047
923,2058
924,2065
925,2080
926,2099
927,2127
928,2149
929,2167
930,2177
931,2187
932,2182
933,2177
934,2165
935,2141
936,2122
937,2093
938,2080
939,2066
940,2059
941,2045
942,2060
943,2071
944,2095
945,2107
946,2119
947,2126
948,2121
949,2121
950,2112
951,2100
952,2085
953,2074
954,2074
955,2069
956,2076
957,2079
958,2075
959,2069
960,2069
961,2077
962,2078
963,2066
964,2054
965,2041
966,2038
967,2034
968,2021
969,2000
970,1973
971,1951
972,1936
973,1921
974,1920
975,1921
976,1935
977,1942
978,1962
979,1971
980,1970
981,1969
982,1955
983,1939
984,1924
985,1902
986,1871
987,1847
988,1840
989,1837
990,1839
991,1840
992,1850
993,1856
994,1874
995,1895
996,1901
997,1904
998,1902
999,1887
1000,1872
1001,1854
1002,1826
1003,1802
1004,1789
1005,1776
1006,1771
1007,1775
1008,1776
1009,1792
1010,1803
1011,1817
1012,1831
1013,1840
1014,1846
1015,1847
1016,1840
1017,1831
1018,1808
1019,1787
1020,1765
1021,1749
1022,1744
1023,1744
1024,1750
1025,1760
1026,1776
1027,1795
1028,1824
1029,1840
1030,1841
1031,1837
1032,1826
1033,1815
1034,1805
1035,1791
1036,1775
1037,1769
1038,1776
1039,1780
1040,1786
1041,1799
1042,1808
1043,1814
1044,1837
1045,1857
1046,1868
1047,1871
1048,1873
1049,1872
1050,1865
1051,1854
1052,1840
1053,1814
1054,1805
1055,1791
1056,1790
1057,1793
1058,1803
1059,1808
1060,1825
1061,1841
1062,1856
1063,1872
1064,1878
1065,1882
1066,1872
1067,1864
1068,1847
1069,1825
1070,1805
1071,1788
1072,1787
1073,1783
1074,1793
1075,1808
1076,1825
1077,1840
1078,1867
1079,1888
1080,1894
1081,1901
1082,1898
1083,1886
1084,1871
1085,1853
1086,1826
1087,1809
1088,1803
1089,1799
1090,1805
1091,1811
1092,1822
1093,1841
1094,1861
1095,1874
1096,1885
1097,1890
1098,1886
1099,1879
1100,1859
1101,1855
1102,1843
1103,1828
1104,1826
1105,1832
1106,1841
1107,1852
1108,1865
1109,1872
1110,1882
1111,1891
1112,1893
1113,1894
1114,1890
1115,1882
1116,1873
1117,1866
1118,1843
1119,1828
1120,1807
1121,1792
1122,1792
1123,1798
1124,1810
1125,1835
1126,1853
1127,1876
1128,1901
1129,1909
1130,1911
1131,1905
1132,1901
1133,1887
1134,1876
1135,1859
1136,1843
1137,1839
1138,1837
1139,1827
1140,1827
1141,1835
1142,1840
1143,1849
1144,1871
1145,1894
1146,1906
1147,1906
1148,1899
1149,1884
1150,1861
1151,1840
1152,1820
1153,1797
1154,1792
1155,1792
1156,1805
1157,1809
1158,1822
1159,1835
1160,1846
1161,1862
1162,1875
1163,1879
1164,1881
1165,1874
1166,1863
1167,1844
1168,1831
1169,1810
1170,1792
1171,1778
1172,1771
1173,1771
1174,1775
1175,1773
1176,1781
1177,1801
1178,1819
1179,1839
1180,1853
1181,1854
1182,1855
1183,1845
1184,1839
1185,1821
1186,1803
1187,1780
1188,1773
1189,1771
1190,1770
1191,1776
1192,1781
1193,1797
1194,1815
1195,1840
1196,1845
1197,1856
1198,1861
1199,1858
1200,1852
1201,1840
1202,1822
1203,1806
1204,1795
1205,1792
1206,1795
1207,1803
1208,1803
1209,1803
1210,1807
1211,1810
1212,1813
1213,1808
1214,1797
1215,1788
1216,1776
1217,1773
1218,1763
1219,1752
1220,1744
1221,1744
1222,1754
1223,1766
1224,1779
1225,1793
1226,1811
1227,1836
1228,1855
1229,1867
1230,1863
1231,1860
1232,1853
1233,1840
1234,1837
1235,1821
1236,1801
1237,1789
1238,1775
1239,1763
1240,1761
1241,1760
1242,1766
1243,1775
1244,1782
1245,1787
1246,1787
1247,1794
1248,1805
1249,1820
1250,1839
1251,1853
1252,1860
1253,1868
1254,1862
1255,1857
1256,1853
1257,1842
1258,1840
1259,1840
1260,1842
1261,1845
1262,1851
1263,1845
1264,1841
1265,1829
1266,1817
1267,1802
1268,1787
1269,1771
1270,1754
1271,1745
1272,1745
1273,1750
1274,1766
1275,1776
1276,1795
1277,1823
1278,1851
1279,1871
1280,1872
1281,1867
1282,1855
1283,1849
1284,1834
1285,1822
1286,1806
1287,1793
1288,1792
1289,1795
1290,1797
1291,1808
1292,1809
1293,1817
1294,1838
1295,1851
1296,1866
1297,1866
1298,1867
1299,1858
1300,1846
1301,1834
1302,1808
1303,1797
1304,1790
1305,1790
1306,1792
1307,1792
1308,1791
1309,1801
1310,1811
1311,1833
1312,1851
1313,1870
1314,1880
1315,1890
1316,1891
1317,1888
1318,1883
1319,1870
1320,1845
1321,1831
1322,1820
1323,1811
1324,1808
1325,1812
1326,1827
1327,1842
1328,1855
1329,1871
1330,1875
1331,1874
1332,1874
1333,1877
1334,1877
1335,1871
1336,1872
1337,1873
1338,1885
1339,1904
1340,1923
1341,1946
1342,1967
1343,1987
1344,2005
1345,2015
1346,2018
1347,2015
1348,2009
1349,1999
1350,1991
1351,1975
1352,1954
1353,1931
1354,1919
1355,1904
1356,1899
1357,1900
1358,1907
1359,1922
1360,1940
1361,1968
1362,1991
1363,2011
1364,2031
1365,2032
1366,2032
1367,2022
1368,2010
1369,1985
1370,1963
1371,1942
1372,1931
1373,1921
1374,1915
1375,1910
1376,1904
1377,1905
1378,1906
1379,1905
1380,1906
1381,1913
1382,1918
1383,1929
1384,1935
1385,1937
1386,1933
1387,1925
1388,1913
1389,1906
1390,1891
1391,1888
1392,1887
1393,1878
1394,1883
1395,1882
1396,1879
1397,1872
1398,1863
1399,1841
1400,1829
1401,1813
1402,1795
1403,1776
1404,1762
1405,1760
1406,1758
1407,1770
1408,1779
1409,1796
1410,1822
1411,1847
1412,1865
1413,1869
1414,1869
1415,1858
1416,1850
1417,1840
1418,1818
1419,1801
1420,1778
1421,1771
1422,1774
1423,1776
1424,1792
1425,1807
1426,1823
1427,1844
1428,1862
1429,1872
1430,1871
1431,1864
1432,1854
1433,1849
1434,1846
1435,1840
1436,1828
1437,1816
1438,1811
1439,1815
1440,1819
1441,1824
1442,1839
1443,1854
1444,1871
1445,1877
1446,1887
1447,1893
1448,1891
1449,1882
1450,1871
1451,1849
1452,1827
1453,1803
1454,1790
1455,1779
1456,1777
1457,1780
1458,1793
1459,1806
1460,1827
1461,1856
1462,1873
1463,1887
1464,1887
1465,1883
1466,1874
1467,1869
1468,1856
1469,1840
1470,1836
1471,1834
1472,1838
1473,1840
1474,1850
1475,1855
1476,1869
1477,1875
1478,1893
1479,1902
1480,1905
1481,1901
1482,1898
1483,1894
1484,1892
1485,1879
1486,1869
1487,1861
1488,1850
1489,1853
1490,1854
1491,1861
1492,1873
1493,1890
1494,1916
1495,1934
1496,1944
1497,1954
1498,1959
1499,1961
1500,1955
1501,1942
1502,1929
1503,1909
1504,1899
1505,1890
1506,1885
1507,1888
1508,1891
1509,1904
1510,1930
1511,1968
1512,2000
1513,2037
1514,2070
1515,2097
1516,2108
1517,2117
1518,2133
1519,2147
1520,2177
1521,2227
1522,2288
1523,2358
1524,2429
1525,2511
1526,2608
1527,2709
1528,2815
1529,2915
1530,3010
1531,3104
1532,3191
1533,3279
1534,3367
1535,3445
1536,3520
1537,3616
1538,3696
1539,3770
1540,3846
1541,3885
1542,3874
1543,3827
1544,3733
1545,3594
1546,3408
1547,3202
1548,2978
1549,2740
1550,2491
1551,2250
1552,2014
1553,1786
1554,1594
1555,1415
1556,1275
1557,1163
1558,1088
1559,1047
1560,1040
1561,1065
1562,1106
1563,1156
1564,1223
1565,1291
1566,1351
1567,1408
1568,1456
1569,1497
1570,1531
1571,1575
1572,1616
1573,1649
1574,1693
1575,1728
1576,1759
1577,1798
1578,1827
1579,1852
1580,1855
1581,1861
1582,1856
1583,1849
1584,1840
1585,1833
1586,1821
1587,1820
1588,1823
1589,1837
1590,1849
1591,1863
1592,1879
1593,1902
1594,1920
1595,1939
1596,1951
1597,1954
1598,1947
1599,1938
1600,1930
1601,1911
1602,1882
1603,1865
1604,1851
1605,1840
1606,1840
1607,1840
1608,1851
1609,1862
1610,1883
1611,1905
1612,1921
1613,1931
1614,1934
1615,1931
1616,1923
1617,1918
1618,1910
1619,1902
1620,1887
1621,1886
1622,1887
1623,1896
1624,1906
1625,1915
1626,1934
1627,1957
1628,1969
1629,1973
1630,1984
1631,1984
1632,1980
1633,1970
1634,1968
1635,1952
1636,1942
1637,1931
1638,1929
1639,1933
1640,1940
1641,1949
1642,1968
1643,1986
1644,2005
1645,2019
1646,2017
1647,2005
1648,1995
1649,1982
1650,1967
1651,1947
1652,1931
1653,1907
1654,1902
1655,1898
1656,1901
1657,1907
1658,1920
1659,1936
1660,1953
1661,1970
1662,1986
1663,1991
1664,1993
1665,1984
1666,1979
1667,1968
1668,1957
1669,1945
1670,1935
1671,1931
1672,1935
1673,1942
1674,1953
1675,1962
1676,1975
1677,2000
1678,2022
1679,2032
1680,2034
1681,2033
1682,2025
1683,2011
1684,2003
1685,1999
1686,1995
1687,1993
1688,1988
1689,1988
1690,1988
1691,1994
1692,2000
1693,2019
1694,2043
1695,2064
1696,2078
1697,2082
1698,2079
1699,2075
1700,2064
1701,2054
1702,2031
1703,2019
1704,2011
1705,2013
1706,2014
1707,2019
1708,2028
1709,2035
1710,2057
1711,2070
1712,2080
1713,2086
1714,2086
1715,2079
1716,2067
1717,2059
1718,2043
1719,2021
1720,2003
1721,1999
1722,2000
1723,2006
1724,2023
1725,2043
1726,2064
1727,2095
1728,2117
1729,2139
1730,2148
1731,2151
1732,2150
1733,2143
1734,2129
1735,2114
1736,2091
1737,2067
1738,2063
1739,2063
1740,2059
1741,2064
1742,2073
1743,2087
1744,2097
1745,2107
1746,2107
1747,2099
1748,2096
1749,2096
1750,2095
1751,2090
1752,2071
1753,2067
1754,2075
1755,2090
1756,2103
1757,2117
1758,2122
1759,2123
1760,2124
1761,2121
1762,2119
1763,2113
1764,2109
1765,2091
1766,2080
1767,2064
1768,2054
1769,2037
1770,2032
1771,2038
1772,2047
1773,2067
1774,2086
1775,2103
1776,2117
1777,2133
1778,2150
1779,2160
1780,2160
1781,2153
1782,2135
1783,2122
1784,2098
1785,2077
1786,2055
1787,2031
1788,2026
1789,2022
1790,2021
1791,2027
1792,2032
1793,2045
1794,2072
1795,2095
1796,2103
1797,2103
1798,2097
1799,2096
1800,2084
1801,2067
1802,2042
1803,2023
1804,2006
1805,2001
1806,2002
1807,2003
1808,2015
1809,2021
1810,2030
1811,2042
1812,2055
1813,2046
1814,2029
1815,2000
1816,1973
1817,1949
1818,1933
1819,1911
1820,1896
1821,1890
1822,1891
1823,1890
1824,1899
1825,1904
1826,1908
1827,1918
1828,1926
1829,1929
1830,1919
1831,1906
1832,1890
1833,1877
1834,1861
1835,1840
1836,1818
1837,1805
1838,1793
1839,1777
1840,1783
1841,1791
1842,1806
1843,1814
1844,1834
1845,1835
1846,1843
1847,1847
1848,1842
1849,1847
1850,1849
1851,1840
1852,1828
1853,1813
1854,1808
1855,1806
1856,1798
1857,1795
1858,1795
1859,1807
1860,1825
1861,1845
1862,1863
1863,1872
1864,1875
1865,1875
1866,1872
1867,1863
1868,1846
1869,1826
1870,1805
1871,1802
1872,1803
1873,1808
1874,1819
1875,1833
1876,1845
1877,1859
1878,1871
1879,1871
1880,1871
1881,1868
1882,1857
1883,1846
1884,1830
1885,1813
1886,1803
1887,1806
1888,1810
1889,1823
1890,1840
1891,1856
1892,1871
1893,1895
1894,1910
1895,1920
1896,1924
1897,1920
1898,1907
1899,1892
1900,1878
1901,1853
1902,1827
1903,1809
1904,1794
1905,1791
1906,1789
1907,1791
1908,1802
1909,1822
1910,1844
1911,1875
1912,1899
1913,1917
1914,1923
1915,1926
1916,1930
1917,1929
1918,1918
1919,1905
1920,1901
1921,1891
1922,1889
1923,1876
1924,1876
1925,1875
1926,1879
1927,1894
1928,1900
1929,1898
1930,1899
1931,1889
1932,1884
1933,1875
1934,1865
1935,1851
1936,1841
1937,1840
1938,1851
1939,1860
1940,1872
1941,1886
1942,1904
1943,1920
1944,1859
1945,1877
1946,1899
1947,1909
1948,1910
1949,1904
1950,1903
1951,1892
1952,1875
1953,1862
1954,1839
1955,1822
1956,1809
1957,1805
1958,1801
1959,1807
1960,1815
1961,1829
1962,1851
1963,1871
1964,1887
1965,1894
1966,1895
1967,1893
1968,1877
1969,1861
1970,1840
1971,1813
1972,1794
1973,1779
1974,1765
1975,1762
1976,1765
1977,1776
1978,1795
1979,1830
1980,1856
1981,1873
1982,1877
1983,1875
1984,1868
1985,1854
1986,1843
1987,1818
1988,1801
1989,1789
1990,1783
1991,1785
1992,1796
1993,1808
1994,1819
1995,1835
1996,1858
1997,1869
1998,1869
1999,1862
2000,1845
2001,1840
2002,1825
2003,1807
2004,1792
2005,1783
2006,1778
2007,1790
2008,1803
2009,1818
2010,1838
2011,1853
2012,1877
2013,1888
2014,1897
2015,1891
2016,1886
2017,1875
2018,1871
2019,1851
2020,1829
2021,1808
2022,1794
2023,1789
2024,1783
2025,1791
2026,1798
2027,1811
2028,1825
2029,1841
2030,1850
2031,1861
2032,1863
2033,1865
2034,1860
2035,1856
2036,1841
2037,1825
2038,1803
2039,1802
2040,1797
2041,1803
2042,1808
2043,1807
2044,1822
2045,1838
2046,1848
2047,1858
2048,1861
2049,1857
2050,1856
2051,1850
2052,1846
2053,1830
2054,1822
2055,1818
2056,1821
2057,1825
2058,1825
2059,1833
2060,1840
2061,1854
2062,1870
2063,1883
2064,1885
2065,1886
2066,1878
2067,1878
2068,1875
2069,1873
2070,1863
2071,1846
2072,1829
2073,1808
2074,1809
2075,1808
2076,1814
2077,1828
2078,1841
2079,1860
2080,1872
2081,1877
2082,1879
2083,1876
2084,1871
2085,1868
2086,1856
2087,1840
2088,1838
2089,1836
2090,1842
2091,1846
2092,1856
2093,1871
2094,1885
2095,1905
2096,1920
2097,1927
2098,1930
2099,1922
2100,1914
2101,1903
2102,1882
2103,1866
2104,1840
2105,1826
2106,1817
2107,1815
2108,1817
2109,1832
2110,1840
2111,1855
2112,1869
2113,1886
2114,1895
2115,1895
2116,1895
2117,1894
2118,1891
2119,1888
2120,1876
2121,1867
2122,1857
2123,1853
2124,1849
2125,1843
2126,1844
2127,1837
2128,1840
2129,1855
2130,1870
2131,1879
2132,1890
2133,1894
2134,1888
2135,1873
2136,1863
2137,1851
2138,1838
2139,1838
2140,1843
2141,1859
2142,1872
2143,1877
2144,1895
2145,1911
2146,1922
2147,1927
2148,1931
2149,1920
2150,1910
2151,1903
2152,1888
2153,1871
2154,1855
2155,1839
2156,1833
2157,1838
2158,1841
2159,1859
2160,1878
2161,1902
2162,1923
2163,1936
2164,1939
2165,1942
2166,1939
2167,1935
2168,1913
2169,1904
2170,1881
2171,1863
2172,1853
2173,1852
2174,1856
2175,1867
2176,1883
2177,1903
2178,1921
2179,1947
2180,1966
2181,1956
2182,1951
2183,1936
2184,1921
2185,1907
2186,1891
2187,1877
2188,1866
2189,1863
2190,1857
2191,1862
2192,1872
2193,1887
2194,1903
2195,1911
2196,1926
2197,1933
2198,1926
2199,1925
2200,1913
2201,1910
2202,1906
2203,1904
2204,1894
2205,1890
2206,1899
2207,1905
2208,1916
2209,1937
2210,1953
2211,1979
2212,2007
2213,2033
2214,2064
2215,2076
2216,2081
2217,2080
2218,2069
2219,2064
2220,2036
2221,2017
2222,2000
2223,1998
2224,1991
2225,1991
2226,1995
2227,2001
2228,2017
2229,2032
2230,2046
2231,2047
2232,2046
2233,2043
2234,2037
2235,2030
2236,2020
2237,2007
2238,2002
2239,2001
2240,2009
2241,2016
2242,2025
2243,2032
2244,2039
2245,2047
2246,2062
2247,2059
2248,2046
2249,2034
2250,2015
2251,2000
2252,1985
2253,1964
2254,1941
2255,1929
2256,1923
2257,1920
2258,1931
2259,1935
2260,1937
2261,1954
2262,1968
2263,1977
2264,1984
2265,1984
2266,1974
2267,1968
2268,1951
2269,1940
2270,1922
2271,1904
2272,1881
2273,1867
2274,1867
2275,1863
2276,1863
2277,1863
2278,1870
2279,1878
2280,1891
2281,1889
2282,1897
2283,1898
2284,1894
2285,1880
2286,1872
2287,1843
2288,1825
2289,1815
2290,1808
2291,1808
2292,1812
2293,1822
2294,1837
2295,1853
2296,1872
2297,1887
2298,1894
2299,1898
2300,1901
2301,1900
2302,1893
2303,1880
2304,1866
2305,1862
2306,1863
2307,1871
2308,1872
2309,1884
2310,1893
2311,1902
2312,1914
2313,1921
2314,1923
2315,1919
2316,1912
2317,1907
2318,1899
2319,1887
2320,1862
2321,1846
2322,1835
2323,1820
2324,1822
2325,1828
2326,1831
2327,1854
2328,1873
2329,1904
2330,1931
2331,1936
2332,1943
2333,1936
2334,1934
2335,1920
2336,1906
2337,1888
2338,1871
2339,1859
2340,1853
2341,1857
2342,1860
2343,1872
2344,1888
2345,1910
2346,1942
2347,1962
2348,1967
2349,1968
2350,1959
2351,1945
2352,1935
2353,1917
2354,1902
2355,1885
2356,1875
2357,1875
2358,1882
2359,1891
2360,1908
2361,1927
2362,1959
2363,1979
2364,1989
2365,1990
2366,1985
2367,1975
2368,1968
2369,1953
2370,1935
2371,1917
2372,1904
2373,1901
2374,1904
2375,1914
2376,1913
2377,1927
2378,1946
2379,1970
2380,1987
2381,1996
2382,2001
2383,2002
2384,2005
2385,2010
2386,2021
2387,2022
2388,2031
2389,2053
2390,2085
2391,2128
2392,2176
2393,2232
2394,2300
2395,2379
2396,2455
2397,2537
2398,2619
2399,2699
2400,2775
2401,2855
2402,2929
2403,3003
2404,3095
2405,3189
2406,3294
2407,3408
2408,3539
2409,3683
2410,3831
2411,3986
2412,4095
2413,4095
2414,4095
2415,4095
2416,4095
2417,4095
2418,3913
2419,3696
2420,3453
2421,3203
2422,2948
2423,2691
2424,2447
2425,2205
2426,1979
2427,1771
2428,1582
2429,1430
2430,1293
2431,1182
2432,1103
2433,1042
2434,1012
2435,1014
2436,1045
2437,1095
2438,1161
2439,1236
2440,1323
2441,1421
2442,1520
2443,1628
2444,1714
2445,1792
2446,1855
2447,1900
2448,1931
2449,1942
2450,1942
2451,1943
2452,1936
2453,1929
2454,1899
2455,1882
2456,1872
2457,1870
2458,1883
2459,1902
2460,1924
2461,1946
2462,1969
2463,1987
2464,2000
2465,2005
2466,2007
2467,2003
2468,1999
2469,1984
2470,1961
2471,1938
2472,1923
2473,1914
2474,1925
2475,1931
2476,1946
2477,1967
2478,1987
2479,2005
2480,2020
2481,2028
2482,2029
2483,2013
2484,1998
2485,1970
2486,1939
2487,1913
2488,1902
2489,1895
2490,1891
2491,1895
2492,1911
2493,1931
2494,1941
2495,1968
2496,1988
2497,2003
2498,2021
2499,2018
2500,2021
2501,2015
2502,2009
2503,1991
2504,1979
2505,1968
2506,1953
2507,1950
2508,1939
2509,1939
2510,1943
2511,1955
2512,1975
2513,1989
2514,1999
2515,2000
2516,2000
2517,1997
2518,1983
2519,1984
2520,1977
2521,1978
2522,1981
2523,1975
2524,1987
2525,1991
2526,1998
2527,2007
2528,2029
2529,2032
2530,2033
2531,2032
2532,2029
2533,2017
2534,2011
2535,2000
2536,1999
2537,1987
2538,1993
2539,1983
2540,1993
2541,2000
2542,2011
2543,2025
2544,2037
2545,2058
2546,2081
2547,2093
2548,2106
2549,2097
2550,2090
2551,2070
2552,2055
2553,2034
2554,2016
2555,2009
2556,2009
2557,2019
2558,2032
2559,2038
2560,2058
2561,2070
2562,2096
2563,2112
2564,2121
2565,2119
2566,2117
2567,2112
2568,2100
2569,2087
2570,2069
2571,2047
2572,2038
2573,2034
2574,2035
2575,2046
2576,2057
2577,2068
2578,2089
2579,2110
2580,2124
2581,2134
2582,2135
2583,2139
2584,2131
2585,2117
2586,2099
2587,2077
2588,2066
2589,2036
2590,2039
2591,2047
2592,2059
2593,2070
2594,2096
2595,2125
2596,2153
2597,2165
2598,2175
2599,2180
2600,2181
2601,2179
2602,2176
2603,2160
2604,2143
2605,2130
2606,2128
2607,2128
2608,2141
2609,2148
2610,2157
2611,2163
2612,2185
2613,2203
2614,2206
2615,2206
2616,2203
2617,2192
2618,2170
2619,2159
2620,2135
2621,2118
2622,2112
2623,2114
2624,2115
2625,
2626,2128
2627,2139
2628,2157
2629,2166
2630,2192
2631,2204
2632,2213
2633,2210
2634,2195
2635,2189
2636,2171
2637,2153
2638,2127
2639,2110
2640,2098
2641,2093
2642,2097
2643,2103
2644,2123
2645,2143
2646,2169
2647,2192
2648,2208
2649,2217
2650,2209
2651,2198
2652,2188
2653,2171
2654,2154
2655,2133
2656,2121
2657,2110
2658,2106
2659,2105
2660,2107
2661,2112
2662,2127
2663,2141
2664,2156
2665,2160
2666,2165
2667,2171
2668,2163
2669,2155
2670,2139
2671,2123
2672,2104
2673,2095
2674,2085
2675,2077
2676,2080
2677,2076
2678,2075
2679,2085
2680,2097
2681,2096
2682,2099
2683,2096
2684,2087
2685,2067
2686,2054
2687,1892
2688,1909
2689,1906
2690,1904
2691,1895
2692,1879
2693,1866
2694,1840
2695,1809
2696,1785
2697,1771
2698,1749
2699,1741
2700,1743
2701,1746
2702,1755
2703,
2704,
2705,1777
2706,1805
2707,1827
2708,1846
2709,1849
2710,1854
2711,1839
2712,1826
2713,1808
2714,1778
2715,1749
2716,1739
2717,1735
2718,1739
2719,1743
2720,1748
2721,1765
2722,1783
2723,1801
2724,1812
2725,1818
2726,1815
2727,1822
2728,1810
2729,1807
2730,1797
2731,1783
2732,1776
2733,1775
2734,1777
2735,1787
2736,1798
2737,1811
2738,1835
2739,1856
2740,1869
2741,1872
2742,1867
2743,1861
2744,1845
2745,1834
2746,1823
2747,1806
2748,1790
2749,1776
2750,1779
2751,1783
2752,1793
2753,1810
2754,1823
2755,1844
2756,1868
2757,1877
2758,1879
2759,1878
2760,1872
2761,1861
2762,1849
2763,1841
2764,1825
2765,1813
2766,1813
2767,1920
2768,1905
2769,1886
2770,1856
2771,1841
2772,1825
2773,1822
2774,1831
2775,1842
2776,1858
2777,1872
2778,
2779,
2780,1898
2781,1914
2782,1926
2783,1923
2784,1915
2785,1904
2786,1893
2787,1880
2788,1870
2789,1858
2790,1856
2791,1855
2792,1872
2793,1880
2794,1886
2795,1893
2796,1897
2797,1911
2798,1919
2799,1925
2800,1925
2801,1923
2802,1919
2803,1904
2804,1890
2805,1871
2806,1851
2807,1840
2808,1839
2809,1837
2810,1840
2811,1847
2812,1856
2813,1873
2814,1889
2815,1901
2816,1906
2817,1906
2818,1910
2819,1906
2820,1895
2821,1886
2822,1862
2823,1840
2824,1830
2825,1827
2826,1826
2827,1831
2828,1840
2829,1844
2830,1857
2831,1872
2832,1874
2833,1879
2834,1871
2835,1863
2836,1853
2837,1841
2838,1822
2839,1810
2840,1810
2841,1803
2842,1793
2843,1792
2844,1795
2845,1799
2846,1808
2847,1809
2848,1827
2849,1845
2850,1870
2851,1872
2852,1883
2853,
2854,1885
2855,1879
2856,1875
2857,1871
2858,1863
2859,1849
2860,1839
2861,1833
2862,1831
2863,1823
2864,1827
2865,1825
2866,1834
2867,1851
2868,1861
2869,1868
2870,1872
2871,1867
2872,1859
2873,1847
2874,1839
2875,1821
2876,1805
2877,1792
2878,1779
2879,1776
2880,1778
2881,1787
2882,1803
2883,1819
2884,1842
2885,1869
2886,1882
2887,1886
2888,1881
2889,1879
2890,1862
2891,1843
2892,1822
2893,1801
2894,1785
2895,1776
2896,1777
2897,1792
2898,1807
2899,1829
2900,1855
2901,1872
2902,1876
2903,1874
2904,1877
2905,1872
2906,1863
2907,1852
2908,1837
2909,1814
2910,1797
2911,1787
2912,1779
2913,1788
2914,1805
2915,1797
2916,1786
2917,1783
2918,1791
2919,
2920,
2921,1803
2922,1821
2923,1850
2924,1871
2925,1885
2926,1901
2927,1903
2928,1892
2929,1878
2930,1863
2931,1840
2932,1819
2933,1808
2934,1809
2935,1815
2936,1836
2937,1849
2938,1871
2939,1882
2940,1900
2941,1907
2942,1905
2943,1904
2944,1897
2945,1879
2946,1871
2947,1860
2948,1840
2949,1829
2950,1823
2951,1824
2952,1827
2953,1828
2954,1831
2955,1838
2956,1846
2957,1863
2958,
2959,
2960,1873
2961,1877
2962,1881
2963,1885
2964,1877
2965,1873
2966,1863
2967,1843
2968,1827
2969,1818
2970,1813
2971,1814
2972,1822
2973,1836
2974,1847
2975,1871
2976,1897
2977,1910
2978,1914
2979,1911
2980,1908
2981,1914
2982,1914
2983,1906
2984,1904
2985,1903
2986,1898
2987,1899
2988,1894
2989,1883
2990,1883
2991,1876
2992,1877
2993,1877
2994,1878
2995,1883
2996,
2997,
2998,1887
2999,1904
3000,1910
3001,1909
3002,1904
3003,1899
3004,1891
3005,1879
3006,1866
3007,1853
3008,1840
3009,1837
3010,1840
3011,1849
3012,1856
3013,1872
3014,1891
3015,1915
3016,1937
3017,1951
3018,1961
3019,1959
3020,1950
3021,1935
3022,1922
3023,1894
3024,1870
3025,1851
3026,1839
3027,1837
3028,1840
3029,1854
3030,1874
3031,1904
3032,1926
3033,1947
3034,1961
3035,1966
3036,1967
3037,1953
3038,1936
3039,1913
3040,1898
3041,1877
3042,1871
3043,1863
3044,1864
3045,1871
3046,1880
3047,1889
3048,1911
3049,1929
3050,1946
3051,1958
3052,1958
3053,1957
3054,1955
3055,1953
3056,1947
3057,1936
3058,1925
3059,1916
3060,1917
3061,1927
3062,1947
3063,1973
3064,1997
3065,2037
3066,2070
3067,2083
3068,2088
3069,1785
3070,1785
3071,1799
3072,1814
3073,1840
3074,1861
3075,1877
3076,1904
3077,1914
3078,1918
3079,1915
3080,1902
3081,1895
3082,1888
3083,1883
3084,1875
3085,1871
3086,1872
3087,
3088,
3089,1871
3090,1874
3091,1875
3092,1877
3093,1886
3094,1899
3095,1911
3096,1910
3097,1910
3098,1904
3099,1891
3100,1875
3101,1863
3102,1851
3103,1846
3104,1845
3105,1858
3106,1875
3107,1887
3108,1903
3109,1913
3110,1923
3111,1935
3112,1939
3113,1937
3114,1931
3115,1917
3116,1900
3117,1889
3118,1879
3119,1872
3120,1862
3121,1868
3122,1872
3123,1889
3124,1904
3125,1920
3126,1937
3127,1965
3128,1983
3129,1989
3130,1998
3131,2000
3132,1990
3133,1979
3134,1956
3135,1931
3136,1906
3137,1891
3138,1888
3139,1885
3140,1889
3141,1903
3142,1913
3143,1942
3144,1973
3145,2009
3146,2045
3147,2084
3148,2121
3149,2159
3150,2197
3151,2587
3152,2335
3153,2094
3154,1852
3155,1639
3156,1451
3157,1296
3158,
3159,
3160,1177
3161,1098
3162,1052
3163,1053
3164,1086
3165,1137
3166,1199
3167,1270
3168,1340
3169,1415
3170,1488
3171,1554
3172,1606
3173,1655
3174,1700
3175,1741
3176,1783
3177,1820
3178,1854
3179,1888
3180,1917
3181,1939
3182,1965
3183,1973
3184,1980
3185,1984
3186,1975
3187,1967
3188,1953
3189,1936
3190,1923
3191,1911
3192,1910
3193,1908
3194,1913
3195,1921
3196,1935
3197,1955
3198,1970
3199,1976
3200,1974
3201,1971
3202,1968
3203,1963
3204,1958
3205,1951
3206,1942
3207,1934
3208,1927
3209,1921
3210,1918
3211,1919
3212,1930
3213,1947
3214,1967
3215,1981
3216,1984
3217,1981
3218,1981
3219,1966
3220,1959
3221,1954
3222,1939
3223,1932
3224,1926
3225,1925
3226,2034
3227,2023
3228,2003
3229,1983
3230,1963
3231,1951
3232,1943
3233,1943
3234,
3235,
3236,
3237,1948
3238,1956
3239,1968
3240,1985
3241,2002
3242,2023
3243,2026
3244,2023
3245,2014
3246,2014
3247,2013
3248,2002
3249,1999
3250,1990
3251,1997
3252,1999
3253,2002
3254,2006
3255,2017
3256,2027
3257,2043
3258,2065
3259,2075
3260,2069
3261,2065
3262,2053
3263,2035
3264,2029
3265,2021
3266,2009
3267,2009
3268,2014
3269,2019
3270,2037
3271,2058
3272,2075
3273,2087
3274,2106
3275,2114
3276,2117
3277,2108
3278,2097
3279,2095
3280,2083
3281,2075
3282,2064
3283,2047
3284,2031
3285,2019
3286,2021
3287,2032
3288,2054
3289,2073
3290,2099
3291,2137
3292,2160
3293,2179
3294,2178
3295,2171
3296,2156
3297,2141
3298,2116
3299,2102
3300,2081
3301,2069
3302,2145
3303,2160
3304,2177
3305,2192
3306,2205
3307,
3308,
3309,2198
3310,2191
3311,2176
3312,2161
3313,2143
3314,2122
3315,2094
3316,2077
3317,2070
3318,2080
3319,2094
3320,2112
3321,2128
3322,2149
3323,2176
3324,2202
3325,2219
3326,2214
3327,2199
3328,2193
3329,2182
3330,2170
3331,2154
3332,2134
3333,2123
3334,2117
3335,2115
3336,2113
3337,2120
3338,2126
3339,2129
3340,2140
3341,2154
3342,2157
3343,2155
3344,2147
3345,2135
3346,2126
3347,2112
3348,2096
3349,2070
3350,2047
3351,2030
3352,2023
3353,2025
3354,2025
3355,2023
3356,2032
3357,2040
3358,2043
3359,2046
3360,2038
3361,2030
3362,2011
3363,1991
3364,1969
3365,1946
3366,1925
3367,1915
3368,1905
3369,1735
3370,1725
3371,1717
3372,1719
3373,1726
3374,1734
3375,1737
3376,1744
3377,1761
3378,1773
3379,1777
3380,1775
3381,1777
3382,1775
3383,
3384,1764
3385,1759
3386,1745
3387,1728
3388,1722
3389,1717
3390,1715
3391,1720
3392,1732
3393,1746
3394,1775
3395,1802
3396,1818
3397,1822
3398,1819
3399,1808
3400,1791
3401,1769
3402,1744
3403,1727
3404,1712
3405,1709
3406,1711
3407,1718
3408,1731
3409,1739
3410,1751
3411,1773
3412,1791
3413,1797
3414,1809
3415,1815
3416,1818
3417,1811
3418,1805
3419,1791
3420,1771
3421,1757
3422,1749
3423,1747
3424,1750
3425,1758
3426,1773
3427,1790
3428,1809
3429,1821
3430,1820
3431,1815
3432,1808
3433,1802
3434,1791
3435,1787
3436,1772
3437,1764
3438,1760
3439,1754
3440,1754
3441,1760
3442,1771
3443,1787
3444,1809
3445,1840
3446,1841
3447,1864
3448,1846
3449,1821
3450,1795
3451,1769
3452,1758
3453,1757
3454,1762
3455,1780
3456,1792
3457,1805
3458,1819
3459,1845
3460,1871
3461,1885
3462,1886
3463,1883
3464,1878
3465,1872
3466,
3467,
3468,1856
3469,1837
3470,1820
3471,1808
3472,1808
3473,1806
3474,1808
3475,1811
3476,1821
3477,1845
3478,1857
3479,1872
3480,1875
3481,1872
3482,1871
3483,1856
3484,1844
3485,1823
3486,1799
3487,1776
3488,1756
3489,1761
3490,1767
3491,1783
3492,1803
3493,1823
3494,1855
3495,1875
3496,1900
3497,1909
3498,1914
3499,1909
3500,1903
3501,1885
3502,1867
3503,1837
3504,1813
3505,1796
3506,1785
3507,1786
3508,1782
3509,1788
3510,1798
3511,1810
3512,1832
3513,1835
3514,1839
3515,1830
3516,1820
3517,1808
3518,1803
3519,1788
3520,1777
3521,1773
3522,1775
3523,1781
3524,1793
3525,1807
3526,1819
3527,1839
3528,1860
3529,1871
3530,1872
3531,1863
3532,1854
3533,1771
3534,1782
3535,1788
3536,1792
3537,1789
3538,1783
3539,1776
3540,1761
3541,1741
3542,
3543,
3544,1727
3545,1725
3546,1727
3547,1731
3548,1744
3549,1757
3550,1779
3551,1808
3552,1827
3553,1840
3554,1842
3555,1839
3556,1828
3557,1809
3558,1794
3559,1774
3560,1746
3561,1730
3562,1724
3563,1730
3564,1744
3565,1759
3566,1778
3567,1799
3568,1825
3569,1847
3570,1860
3571,1858
3572,1855
3573,1840
3574,1820
3575,1793
3576,1763
3577,1734
3578,1726
3579,1715
3580,1719
3581,1717
3582,1716
3583,1727
3584,1745
3585,1774
3586,1793
3587,1811
3588,1820
3589,1817
3590,1813
3591,1806
3592,1796
3593,1781
3594,1771
3595,1763
3596,1769
3597,1770
3598,1776
3599,1786
3600,1797
3601,1818
3602,1840
3603,1855
3604,1856
3605,1846
3606,1840
3607,1822
3608,1798
3609,1811
3610,1807
3611,1791
3612,1786
3613,1775
3614,1767
3615,1758
3616,1766
3617,1773
3618,1776
3619,
3620,
3621,1776
3622,1780
3623,1792
3624,1810
3625,1824
3626,1839
3627,1840
3628,1847
3629,1847
3630,1844
3631,1835
3632,1817
3633,1802
3634,1791
3635,1778
3636,1776
3637,1777
3638,1786
3639,1795
3640,1809
3641,1830
3642,1842
3643,1851
3644,1854
3645,1849
3646,1836
3647,1822
3648,1808
3649,1791
3650,1769
3651,1759
3652,1755
3653,1761
3654,1776
3655,1789
3656,1808
3657,1823
3658,1843
3659,1857
3660,1863
3661,1865
3662,1859
3663,1846
3664,1840
3665,1823
3666,1808
3667,1793
3668,1791
3669,1792
3670,1799
3671,1808
3672,1818
3673,1830
3674,1841
3675,1861
3676,1874
3677,1882
3678,1886
3679,1888
3680,1878
3681,1872
3682,1853
3683,1815
3684,1849
3685,1856
3686,1859
3687,1856
3688,1855
3689,1851
3690,1840
3691,1831
3692,1824
3693,1824
3694,
3695,
3696,1821
3697,1824
3698,1830
3699,1837
3700,1847
3701,1867
3702,1874
3703,1886
3704,1886
3705,1886
3706,1879
3707,1871
3708,1858
3709,1844
3710,1829
3711,1815
3712,1808
3713,1812
3714,1821
3715,1827
3716,1841
3717,1857
3718,1876
3719,1890
3720,1901
3721,1900
3722,1889
3723,1876
3724,1867
3725,1856
3726,1837
3727,1815
3728,1808
3729,1808
3730,1814
3731,1837
3732,1853
3733,1872
3734,1894
3735,1911
3736,1916
3737,1917
3738,1919
3739,1918
3740,1915
3741,1905
3742,1897
3743,1872
3744,1858
3745,1845
3746,1847
3747,1853
3748,1868
3749,1879
3750,1899
3751,1928
3752,1954
3753,1982
3754,2001
3755,2016
3756,2027
3757,2026
3758,2013
3759,1993
3760,1971
3761,1954
3762,1858
3763,1867
3764,1883
3765,1899
3766,1917
3767,
3768,1925
3769,1926
3770,1921
3771,1926
3772,1915
3773,1901
3774,1872
3775,1840
3776,1819
3777,1800
3778,1791
3779,1787
3780,1797
3781,1813
3782,1840
3783,1866
3784,1888
3785,1897
3786,1889
3787,1877
3788,1856
3789,1830
3790,1806
3791,1779
3792,1759
3793,1757
3794,1767
3795,1777
3796,1792
3797,1808
3798,1824
3799,1841
3800,1859
3801,1872
3802,1874
3803,1872
3804,1868
3805,1861
3806,1854
3807,1839
3808,1819
3809,1805
3810,1805
3811,1805
3812,1808
3813,1819
3814,1836
3815,1856
3816,1873
3817,1885
3818,1890
3819,1893
3820,1895
3821,1889
3822,1883
3823,1873
3824,1856
3825,1840
3826,1831
3827,1830
3828,1835
3829,1891
3830,1869
3831,1851
3832,1835
3833,1831
3834,1831
3835,1840
3836,1855
3837,1877
3838,
3839,
3840,1899
3841,1922
3842,1938
3843,1946
3844,1949
3845,1939
3846,1941
3847,1933
3848,1925
3849,1905
3850,1890
3851,1874
3852,1872
3853,1876
3854,1883
3855,1901
3856,1915
3857,1936
3858,1968
3859,2003
3860,2029
3861,2055
3862,2065
3863,2086
3864,2103
3865,2122
3866,2137
3867,2160
3868,2197
3869,2246
3870,2304
3871,2379
3872,
3873,
3874,
3875,
3876,2454
3877,2534
3878,2631
3879,2735
3880,2836
3881,
3882,2935
3883,3037
3884,3138
3885,3227
3886,3319
3887,3408
3888,3489
3889,3569
3890,3665
3891,3748
3892,3836
3893,3911
3894,3959
3895,3981
3896,3961
3897,3885
3898,3744
3899,3554
3900,3344
3901,3120
3902,2875
3903,2628
3904,2370
3905,2128
3906,1902
3907,1692
3908,1980
3909,1997
3910,2001
3911,2008
3912,2000
3913,1991
3914,1979
3915,1965
3916,1940
3917,1918
3918,1909
3919,1905
3920,1907
3921,1917
3922,1931
3923,1947
3924,1969
3925,1991
3926,2007
3927,2013
3928,2014
3929,2005
3930,1995
3931,1989
3932,1979
3933,1965
3934,1957
3935,1950
3936,1943
3937,1943
3938,1948
3939,1957
3940,1971
3941,1989
3942,2103
3943,2090
3944,2084
3945,2087
3946,2096
3947,2107
3948,2127
3949,2154
3950,2174
3951,2180
3952,2186
3953,2176
3954,2160
3955,2135
3956,2109
3957,2082
3958,2047
3959,2032
3960,
3961,
3962,2013
3963,2004
3964,2002
3965,2010
3966,2016
3967,2033
3968,2060
3969,2069
3970,2076
3971,2064
3972,2057
3973,2031
3974,2013
3975,1987
3976,1966
3977,1945
3978,1937
3979,1937
3980,1939
3981,1943
3982,1951
3983,1959
3984,1968
3985,1971
3986,1971
3987,1974
3988,1973
3989,1966
3990,1958
3991,1943
3992,1914
3993,1875
3994,1846
3995,1824
3996,1808
3997,1802
3998,1803
3999,1809
4000,1819
4001,1839
4002,1853
4003,1856
4004,1857
4005,1851
4006,1835
4007,1824
4008,1811
4009,1794
4010,1783
4011,1781
4012,1782
4013,1791
4014,1806
4015,1811
4016,1825
4017,1835
4018,1850
4019,1849
4020,1847
4021,1841
4022,1809
4023,1823
4024,1834
4025,1839
4026,1840
4027,1840
4028,1834
4029,1823
4030,1808
4031,
4032,
4033,
4034,1793
4035,1783
4036,1777
4037,1776
4038,1781
4039,1794
4040,1808
4041,1825
4042,1840
4043,1849
4044,1847
4045,1847
4046,1831
4047,1823
4048,1807
4049,1796
4050,1787
4051,1781
4052,1779
4053,1787
4054,1796
4055,1805
4056,1815
4057,1829
4058,1850
4059,1863
4060,1877
4061,1874
4062,1876
4063,1872
4064,1863
4065,1857
4066,1841
4067,1830
4068,1817
4069,1819
4070,1819
4071,1831
4072,1840
4073,1846
4074,1863
4075,1879
4076,1897
4077,1903
4078,1901
4079,1902
4080,1897
4081,1886
4082,1879
4083,1861
4084,1845
4085,1844
4086,1840
4087,1847
4088,1856
4089,1863
4090,1872
4091,1887
4092,1902
4093,1913
4094,1914
4095,1905
4096,1899
4097,1886
4098,1873
4099,1883
4100,1884
4101,1872
4102,1865
4103,1859
4104,1847
4105,1830
4106,1820
4107,1811
4108,1809
4109,1811
4110,1813
4111,1824
4112,
4113,
4114,1839
4115,1853
4116,1862
4117,1863
4118,1861
4119,1856
4120,1851
4121,1838
4122,1824
4123,1808
4124,1794
4125,1791
4126,1787
4127,1792
4128,1801
4129,1808
4130,1821
4131,1838
4132,1847
4133,1856
4134,1856
4135,1851
4136,1851
4137,1844
4138,1836
4139,1818
4140,1798
4141,1789
4142,1787
4143,1790
4144,1806
4145,1809
4146,1821
4147,1837
4148,1840
4149,1849
4150,1853
4151,1845
4152,1840
4153,1827
4154,1815
4155,1808
4156,1785
4157,1763
4158,1753
4159,1746
4160,1750
4161,1757
4162,1769
4163,1781
4164,1797
4165,1819
4166,1830
4167,1833
4168,1833
4169,1826
4170,1819
4171,1808
4172,1798
4173,1778
4174,1760
4175,1753
4176,1745
4177,1746
4178,1847
4179,1856
4180,1862
4181,1857
4182,1850
4183,1837
4184,1821
4185,1801
4186,1785
4187,1775
4188,1774
4189,1773
4190,1769
4191,1772
4192,1779
4193,1790
4194,
4195,
4196,1809
4197,1837
4198,1855
4199,1872
4200,1873
4201,1872
4202,1863
4203,1856
4204,1837
4205,1819
4206,1809
4207,1808
4208,1805
4209,1804
4210,1808
4211,1825
4212,1840
4213,1855
4214,1868
4215,1870
4216,1863
4217,1855
4218,1841
4219,1830
4220,1805
4221,1779
4222,1763
4223,1751
4224,1752
4225,1751
4226,1759
4227,1773
4228,1787
4229,1806
4230,1817
4231,1830
4232,1833
4233,1834
4234,1830
4235,1830
4236,1826
4237,1814
4238,1807
4239,1803
4240,1798
4241,1799
4242,1797
4243,1802
4244,1808
4245,1819
4246,1837
4247,1847
4248,1856
4249,1867
4250,1861
4251,1853
4252,1842
4253,1829
4254,1808
4255,1794
4256,1787
4257,1791
4258,1791
4259,1803
4260,1808
4261,1821
4262,1808
4263,1805
4264,1809
4265,1826
4266,1843
4267,1857
4268,1872
4269,1882
4270,1887
4271,1881
4272,1877
4273,
4274,1869
4275,1855
4276,1842
4277,1837
4278,1821
4279,1811
4280,1808
4281,1808
4282,1819
4283,1833
4284,1851
4285,1867
4286,1887
4287,1905
4288,1911
4289,1913
4290,1904
4291,1904
4292,1891
4293,1883
4294,1868
4295,1845
4296,1837
4297,1834
4298,1840
4299,1845
4300,1856
4301,1861
4302,1872
4303,1877
4304,1890
4305,1887
4306,1883
4307,1872
4308,1868
4309,1855
4310,1846
4311,1834
4312,1824
4313,1822
4314,1821
4315,1833
4316,1845
4317,1858
4318,1872
4319,1887
4320,1904
4321,1911
4322,1911
4323,1913
4324,1908
4325,1899
4326,1890
4327,1873
4328,1866
4329,1855
4330,1853
4331,1857
4332,1870
4333,1877
4334,1898
4335,1911
4336,1989
4337,1993
4338,1984
4339,1986
4340,1993
4341,1999
4342,2011
4343,2032
4344,2054
4345,2061
4346,2070
4347,2070
4348,2066
4349,
4350,
4351,2062
4352,2052
4353,2030
4354,2012
4355,1997
4356,1984
4357,1981
4358,1977
4359,1979
4360,1979
4361,1983
4362,1997
4363,2001
4364,2006
4365,1999
4366,1997
4367,1973
4368,1953
4369,1935
4370,1908
4371,1884
4372,1866
4373,1858
4374,1859
4375,1868
4376,1878
4377,1895
4378,1911
4379,1936
4380,1953
4381,1966
4382,1963
4383,1961
4384,1947
4385,1927
4386,1904
4387,1867
4388,1828
4389,1808
4390,1799
4391,1799
4392,1802
4393,1811
4394,1833
4395,1863
4396,1893
4397,1918
4398,1930
4399,1933
4400,1932
4401,1922
4402,1905
4403,1879
4404,1855
4405,1836
4406,1819
4407,1809
4408,1811
4409,1821
4410,1839
4411,1851
4412,1873
4413,1900
4414,1914
4415,1915
4416,1894
4417,1906
4418,1922
4419,1938
4420,1945
4421,1942
4422,1939
4423,
4424,
4425,1937
4426,1929
4427,1915
4428,1893
4429,1871
4430,1858
4431,1847
4432,1856
4433,1861
4434,1873
4435,1897
4436,1911
4437,1936
4438,1957
4439,1977
4440,1981
4441,1983
4442,1975
4443,1967
4444,1950
4445,1933
4446,1917
4447,1907
4448,1914
4449,1921
4450,1936
4451,1945
4452,1955
4453,1968
4454,1985
4455,1991
4456,1998
4457,1990
4458,1985
4459,1979
4460,1969
4461,1953
4462,1936
4463,1919
4464,1919
4465,1925
4466,1939
4467,1968
4468,2001
4469,2047
4470,2107
4471,2160
4472,2210
4473,2257
4474,2318
4475,2369
4476,2419
4477,2477
4478,2528
4479,2592
4480,2645
4481,2718
4482,2799
4483,2878
4484,2973
4485,3071
4486,3185
4487,3311
4488,3437
4489,3562
4490,3689
4491,1285
4492,1388
4493,1486
4494,1581
4495,1660
4496,1738
4497,1802
4498,1845
4499,1868
4500,1872
4501,
4502,
4503,1869
4504,1861
4505,1856
4506,1857
4507,1862
4508,1872
4509,1888
4510,1913
4511,1939
4512,1959
4513,1970
4514,1977
4515,1981
4516,1981
4517,1971
4518,1962
4519,1953
4520,1946
4521,1951
4522,1956
4523,1964
4524,1970
4525,1978
4526,1985
4527,1999
4528,2000
4529,2000
4530,2000
4531,1998
4532,1989
4533,1981
4534,1967
4535,1949
4536,1936
4537,1931
4538,1935
4539,1937
4540,1951
4541,1968
4542,1983
4543,2002
4544,2016
4545,2029
4546,2032
4547,2027
4548,2015
4549,2003
4550,1998
4551,1986
4552,1973
4553,1967
4554,1968
4555,1968
4556,1973
4557,1973
4558,1973
4559,1981
4560,1994
4561,1997
4562,2000
4563,1998
4564,1994
4565,1990
4566,2043
4567,2061
4568,2064
4569,2063
4570,2053
4571,2054
4572,2046
4573,2043
4574,2037
4575,2030
4576,2027
4577,
4578,
4579,2025
4580,2032
4581,2041
4582,2057
4583,2071
4584,2091
4585,2098
4586,2099
4587,2093
4588,2090
4589,2081
4590,2081
4591,2075
4592,2064
4593,2064
4594,2070
4595,2091
4596,2107
4597,2119
4598,2126
4599,2128
4600,2125
4601,2131
4602,2133
4603,2128
4604,2123
4605,2112
4606,2103
4607,2096
4608,2077
4609,2064
4610,2045
4611,2047
4612,2043
4613,2067
4614,2089
4615,2101
4616,2126
4617,2148
4618,2175
4619,2192
4620,2205
4621,2203
4622,2192
4623,2177
4624,2151
4625,2135
4626,2119
4627,2108
4628,2105
4629,2107
4630,2115
4631,2127
4632,2139
4633,2156
4634,2181
4635,2197
4636,2208
4637,2213
4638,2214
4639,2205
4640,2192
4641,2177
4642,2157
4643,2139
4644,2171
4645,2179
4646,
4647,
4648,2198
4649,2217
4650,2228
4651,2235
4652,2224
4653,2212
4654,2196
4655,2177
4656,2160
4657,2131
4658,2114
4659,2100
4660,2090
4661,2093
4662,2094
4663,2097
4664,2117
4665,2131
4666,2150
4667,2160
4668,2160
4669,2154
4670,2143
4671,2128
4672,2112
4673,2096
4674,2079
4675,2061
4676,2042
4677,2028
4678,2015
4679,2003
4680,1999
4681,2000
4682,2009
4683,2017
4684,2021
4685,2017
4686,2007
4687,1999
4688,1979
4689,1965
4690,1939
4691,1917
4692,1904
4693,1889
4694,1890
4695,1894
4696,1898
4697,1900
4698,1903
4699,1911
4700,1919
4701,1911
4702,1905
4703,1890
4704,1872
4705,1854
4706,1843
4707,1818
4708,1801
4709,1785
4710,1779
4711,1799
4712,1791
4713,1779
4714,1771
4715,1763
4716,1758
4717,1764
4718,1765
4719,1776
4720,
4721,
4722,
4723,1782
4724,1805
4725,1816
4726,1828
4727,1825
4728,1821
4729,1813
4730,1803
4731,1792
4732,1766
4733,1751
4734,1746
4735,1744
4736,1746
4737,1750
4738,1759
4739,1769
4740,1787
4741,1808
4742,1811
4743,1826
4744,1829
4745,1824
4746,
4747,
4748,1821
4749,1808
4750,1794
4751,1781
4752,1775
4753,1773
4754,1773
4755,1778
4756,1788
4757,1794
